/*KODIKAS SQL GIA TIN EISAGOGI TON DEDOMENON*/


-- MariaDB dump 10.19  Distrib 10.5.12-MariaDB, for Linux (x86_64)
--
-- Host: mysql.hostinger.ro    Database: u574849695_23
-- ------------------------------------------------------
-- Server version	10.5.12-MariaDB-cll-lve

/*!40101 SET @OLD_CHARACTER_SET_CLIENT=@@CHARACTER_SET_CLIENT */;
/*!40101 SET @OLD_CHARACTER_SET_RESULTS=@@CHARACTER_SET_RESULTS */;
/*!40101 SET @OLD_COLLATION_CONNECTION=@@COLLATION_CONNECTION */;
/*!40101 SET NAMES utf8mb4 */;
/*!40103 SET @OLD_TIME_ZONE=@@TIME_ZONE */;
/*!40103 SET TIME_ZONE='+00:00' */;
/*!40014 SET @OLD_UNIQUE_CHECKS=@@UNIQUE_CHECKS, UNIQUE_CHECKS=0 */;
/*!40014 SET @OLD_FOREIGN_KEY_CHECKS=@@FOREIGN_KEY_CHECKS, FOREIGN_KEY_CHECKS=0 */;
/*!40101 SET @OLD_SQL_MODE=@@SQL_MODE, SQL_MODE='NO_AUTO_VALUE_ON_ZERO' */;
/*!40111 SET @OLD_SQL_NOTES=@@SQL_NOTES, SQL_NOTES=0 */;

--
-- Table structure for table `Address`
--

DROP TABLE IF EXISTS `Address`;
/*!40101 SET @saved_cs_client     = @@character_set_client */;
/*!40101 SET character_set_client = utf8 */;
CREATE TABLE `Address` (
  `PostCode` int(11) NOT NULL,
  `Street` varchar(50) COLLATE utf8mb4_unicode_ci NOT NULL,
  `City` varchar(20) COLLATE utf8mb4_unicode_ci DEFAULT NULL,
  `address_id` int(11) NOT NULL AUTO_INCREMENT,
  PRIMARY KEY (`address_id`,`PostCode`,`Street`)
) ENGINE=InnoDB AUTO_INCREMENT=101 DEFAULT CHARSET=utf8mb4 COLLATE=utf8mb4_unicode_ci;
/*!40101 SET character_set_client = @saved_cs_client */;

--
-- Dumping data for table `Address`
--

LOCK TABLES `Address` WRITE;
/*!40000 ALTER TABLE `Address` DISABLE KEYS */;
INSERT INTO `Address` VALUES (3570,'11592 Juston Trail','Lake Shannonton',1),(52906,'188 Kirlin Plains Apt. 219','Cronamouth',2),(5124,'1746 Hauck Turnpike','Keelington',3),(7160,'7780 Hartmann Drive Suite 305','East Odessafurt',4),(81707,'030 Barton Turnpike','Runolfssonland',5),(10806,'105 Eichmann Overpass Suite 956','South Emely',6),(63241,'77698 Leannon Fort Suite 030','Malindashire',7),(17256,'8403 Heather Burgs','Arneton',8),(51162,'834 Graham Keys Apt. 679','Port Berniece',9),(94606,'7934 Aleen Vista Apt. 698','McDermottmouth',10),(70207,'2834 Mackenzie Motorway','South Yadira',11),(37154,'1673 Elvis Plaza Suite 498','Port Enaville',12),(36322,'08884 Kristy Parkway Apt. 855','Schowalterburgh',13),(44241,'57356 Ebert Pike','West Jovanmouth',14),(45872,'5496 Larkin Pass Apt. 862','New Velvaport',15),(71414,'7211 Thiel Spring','North Georgetteborou',16),(7250,'9123 Strosin Springs','Hayesfurt',17),(17106,'43446 Dallin Valleys Suite 974','Lake Camillefort',18),(6956,'427 Thiel Crossing','Schambergerchester',19),(8390,'04643 Christian Wall Suite 412','North Dayne',20),(95076,'508 Arthur Avenue Suite 711','Penelopeland',21),(98032,'24478 Mraz Dale','Port Gretamouth',22),(38745,'57928 Bergstrom Trail','North Moriahtown',23),(65681,'418 Klocko Road','Loweville',24),(23645,'716 Russell River Suite 150','Hintzfort',25),(2424,'098 Veronica Viaduct','New Reymundoton',26),(7624,'434 Thiel Ville Apt. 209','Langworthmouth',27),(28755,'8398 Klein Creek Suite 971','Bauchland',28),(67693,'1564 Carolina Fall','Mantemouth',29),(47290,'6295 Waelchi Valleys Apt. 739','Cronaview',30),(10839,'5272 Parker Junction Suite 494','Hermanhaven',31),(49016,'3725 Elza Track','Port Adolph',32),(22327,'742 Luettgen Prairie Apt. 132','Runolfsdottirville',33),(2299,'807 Zemlak Club','Amparoside',34),(38847,'1266 Schaden Via Suite 391','Port Haley',35),(8249,'0421 Koss Walks Apt. 678','North Zitaland',36),(74125,'50688 Simeon Springs Apt. 208','Ravenside',37),(16362,'081 Weber Crossing Suite 123','Lake Zackfurt',38),(87747,'70334 Hickle Wall','Benfurt',39),(41641,'7606 McLaughlin Cliff Suite 732','Port Shanon',40),(13070,'91900 Wehner Freeway Suite 460','Trevorborough',41),(77322,'214 Terrance Lake','New Okey',42),(25244,'8433 Buckridge Passage Suite 532','Langworthville',43),(47569,'670 Cathy River','Lake Cole',44),(67865,'68674 Orn Squares Apt. 184','South Ottis',45),(79715,'903 Coleman Road Apt. 487','Edmondborough',46),(28886,'083 Hessel Expressway','Dorthaview',47),(74213,'1187 Purdy Lodge Apt. 285','Amelystad',48),(79682,'77826 Toy Light','Deshauntown',49),(15818,'871 McCullough Radial Suite 195','New Raoulview',50),(96229,'26739 Ullrich Drive','Port Rachaelbury',51),(32207,'4992 Nicklaus Place','Zacheryfurt',52),(57219,'167 Rocio Gardens Apt. 999','Percivalburgh',53),(32983,'51444 Haley Well','South Salma',54),(38095,'88861 Brekke Flat','Alishatown',55),(89937,'0764 Neoma Street Apt. 262','South Noe',56),(5873,'790 Rice Key','Port Moses',57),(74086,'22948 Ledner Points','Sunnyville',58),(29410,'13214 Bauch Shoal Suite 548','Port Giovanni',59),(34610,'86282 Ali Plaza','Uptonborough',60),(26870,'5796 Harley Plaza Suite 088','Maggiochester',61),(79746,'1985 Kassulke Stream','Beckerchester',62),(70666,'7222 Santos Groves','New Dagmarburgh',63),(57242,'34221 Wellington Loop Apt. 928','Port Eliane',64),(60895,'531 Kutch Spurs Suite 517','New Germaine',65),(59633,'353 Barrows Mountain','Schmelerport',66),(28118,'9215 Feeney Isle','Port Keaganbury',67),(12667,'866 Leuschke Garden Apt. 415','East Dawnton',68),(43272,'7814 Vaughn Skyway Apt. 534','Tillmanmouth',69),(96952,'53315 Towne Point Suite 615','O\'Connellton',70),(19774,'02280 Kristin Forges Apt. 053','West Shaniebury',71),(5230,'0814 Mraz Cape','South Thea',72),(98809,'104 Barton Valley Suite 388','Port Georgebury',73),(98784,'521 Alverta Roads','West Ansleyfurt',74),(7878,'55578 Alexandre Crescent Apt. 970','New Fausto',75),(60544,'4793 Granville Burgs Apt. 766','Lake Breannaborough',76),(96957,'90269 Andrew Stravenue','East Eunamouth',77),(98849,'427 Bernadette Fords Suite 256','New Loyal',78),(56581,'714 Frami Isle Apt. 130','North Elmerville',79),(60866,'78766 Marcus Harbor','South Kaleigh',80),(25802,'99710 Langosh Bridge Apt. 946','West Jalyn',81),(26800,'52881 Donnelly Garden','North Joanie',82),(8339,'72549 Leta Garden Suite 053','North Clare',83),(277,'6196 Ernser Via Suite 286','Port Glennie',84),(9038,'72004 Zoe Spurs','Heathcotestad',85),(79981,'689 Alba Parkway Apt. 775','West Susanland',86),(53334,'94693 Irma Squares','Port Lenora',87),(82279,'545 Shaylee Neck','Lake Jessyberg',88),(13663,'472 Aliyah Cliff','New Julienton',89),(63532,'9055 Skiles Trafficway Apt. 846','Port Thurman',90),(41410,'90864 Laverna River Apt. 209','Tillmanton',91),(71763,'109 McLaughlin Fields Apt. 476','Port Miloland',92),(72324,'21830 Linda Shoal Apt. 384','Lake Macborough',93),(83756,'559 Walsh Canyon','Alvinashire',94),(64552,'61999 Jayme Course Suite 036','New Jarredtown',95),(3626,'314 Jones Drives Suite 153','New Linniefurt',96),(85343,'298 Tiana Point Apt. 684','Fritschmouth',97),(14087,'055 Aufderhar Via','Blickport',98),(25321,'088 Wallace Pine','Spencerborough',99),(54962,'6370 Jenkins Pike Apt. 289','Angelberg',100);
/*!40000 ALTER TABLE `Address` ENABLE KEYS */;
UNLOCK TABLES;

--
-- Table structure for table `Company`
--

DROP TABLE IF EXISTS `Company`;
/*!40101 SET @saved_cs_client     = @@character_set_client */;
/*!40101 SET character_set_client = utf8 */;
CREATE TABLE `Company` (
  `Budget` decimal(7,2) DEFAULT NULL,
  `Organization_name` varchar(15) COLLATE utf8mb4_unicode_ci DEFAULT NULL,
  KEY `Organization_is_Company` (`Organization_name`),
  CONSTRAINT `Organization_is_Company` FOREIGN KEY (`Organization_name`) REFERENCES `Organization` (`name`) ON DELETE NO ACTION ON UPDATE CASCADE
) ENGINE=InnoDB DEFAULT CHARSET=utf8mb4 COLLATE=utf8mb4_unicode_ci;
/*!40101 SET character_set_client = @saved_cs_client */;

--
-- Dumping data for table `Company`
--

LOCK TABLES `Company` WRITE;
/*!40000 ALTER TABLE `Company` DISABLE KEYS */;
INSERT INTO `Company` VALUES (47.60,'Gleason, Ruther'),(54859.89,'Cassin Group'),(3024.16,'Thompson, Boehm'),(6.74,'Kautzer-Stroman'),(6819.90,'Shields and Son'),(99999.99,'Rice-Anderson'),(33.38,'Bode and Sons'),(99999.99,'Spinka PLC'),(1903.91,'Ledner Inc'),(99999.99,'Considine Inc'),(0.00,'Pfeffer Ltd'),(99999.99,'Hauck, Ritchie '),(99999.99,'Daugherty-Littl'),(0.00,'Rice-Anderson'),(99999.99,'Carter-Bernier'),(1379.67,'Considine Inc'),(2430.56,'Boyle Inc'),(0.00,'Wuckert and Son'),(0.00,'Bruen Inc'),(4196.77,'Hegmann and Son'),(99999.99,'Halvorson-Jerde'),(99999.99,'Purdy PLC'),(3.00,'Conn, Hettinger'),(99999.99,'Frami-Bode'),(14739.03,'Abbott, Jacobso'),(25.00,'Hackett-Schneid'),(63.53,'Streich-Shields'),(67.89,'Halvorson-Jerde'),(99999.99,'Conn LLC'),(99999.99,'Walsh, Casper a'),(99999.99,'Anderson-Murray'),(804.58,'Kulas, Auer and'),(0.00,'Boyle-Ondricka'),(17.99,'Tromp-Robel'),(29.93,'Bins-Thompson'),(99999.99,'Waelchi Group'),(99999.99,'Mraz LLC'),(99999.99,'Bruen Inc'),(99999.99,'Rice-Anderson');
/*!40000 ALTER TABLE `Company` ENABLE KEYS */;
UNLOCK TABLES;

--
-- Table structure for table `Delivered`
--

DROP TABLE IF EXISTS `Delivered`;
/*!40101 SET @saved_cs_client     = @@character_set_client */;
/*!40101 SET character_set_client = utf8 */;
CREATE TABLE `Delivered` (
  `Summary` varchar(15) COLLATE utf8mb4_unicode_ci DEFAULT NULL,
  `title` varchar(15) COLLATE utf8mb4_unicode_ci DEFAULT NULL,
  KEY `Project_has_been_Delivered` (`title`),
  CONSTRAINT `Project_has_been_Delivered` FOREIGN KEY (`title`) REFERENCES `project_to_delivery` (`title`) ON DELETE NO ACTION ON UPDATE CASCADE
) ENGINE=InnoDB DEFAULT CHARSET=utf8mb4 COLLATE=utf8mb4_unicode_ci;
/*!40101 SET character_set_client = @saved_cs_client */;

--
-- Dumping data for table `Delivered`
--

LOCK TABLES `Delivered` WRITE;
/*!40000 ALTER TABLE `Delivered` DISABLE KEYS */;
INSERT INTO `Delivered` VALUES ('Dolorem iure au','a'),('Excepturi volup','ab'),('Qui eaque sit q','accusantium'),('Id aperiam expl','ad'),('Incidunt repudi','adipisci'),('Aut sint repreh','aliquid'),('Saepe quia ut s','amet'),('Et ex rem est n','animi'),('Vitae ratione i','aperiam'),('Recusandae volu','architecto'),('Eligendi evenie','asperiores'),('Est laborum eni','aspernatur'),('Suscipit sint a','at'),('Numquam quam pr','aut'),('Facilis placeat','blanditiis'),('Modi sed ipsam ','commodi'),('Veritatis quod ','consequatur'),('Illo est nihil ','corporis'),('Et veritatis co','culpa'),('Itaque deleniti','cum');
/*!40000 ALTER TABLE `Delivered` ENABLE KEYS */;
UNLOCK TABLES;

--
-- Table structure for table `Employee_Relationship`
--

DROP TABLE IF EXISTS `Employee_Relationship`;
/*!40101 SET @saved_cs_client     = @@character_set_client */;
/*!40101 SET character_set_client = utf8 */;
CREATE TABLE `Employee_Relationship` (
  `Date_of_begin` date NOT NULL,
  `name` varchar(15) COLLATE utf8mb4_unicode_ci DEFAULT NULL,
  `researcher_id` int(11) DEFAULT NULL,
  KEY `Organization_employee_works_for` (`name`),
  KEY `employee_has_id` (`researcher_id`),
  CONSTRAINT `Organization_employee_works_for` FOREIGN KEY (`name`) REFERENCES `Organization` (`name`) ON UPDATE CASCADE,
  CONSTRAINT `employee_has_id` FOREIGN KEY (`researcher_id`) REFERENCES `Researcher` (`Researher_id`) ON UPDATE CASCADE
) ENGINE=InnoDB DEFAULT CHARSET=utf8mb4 COLLATE=utf8mb4_unicode_ci;
/*!40101 SET character_set_client = @saved_cs_client */;

--
-- Dumping data for table `Employee_Relationship`
--

LOCK TABLES `Employee_Relationship` WRITE;
/*!40000 ALTER TABLE `Employee_Relationship` DISABLE KEYS */;
INSERT INTO `Employee_Relationship` VALUES ('2008-02-22','Abbott, Jacobso',1),('2013-07-23','Anderson-Murray',2),('2010-09-12','Armstrong-Zieme',3),('1998-02-02','Bergstrom PLC',4),('1994-04-16','Bergstrom, Hegm',5),('2010-10-30','Bins-Thompson',6),('1993-02-24','Bode and Sons',7),('1988-04-20','Bogan and Sons',8),('2001-07-07','Bogan, Wehner a',9),('1983-04-10','Boyle Inc',10),('2015-01-10','Boyle-Ondricka',11),('1984-10-19','Bruen Inc',12),('2012-10-16','Bruen, Kemmer a',13),('1974-05-04','Buckridge Inc',14),('1993-07-22','Buckridge-Cumme',15),('1980-04-10','Buckridge, Buck',16),('1999-02-21','Carter-Bernier',17),('1985-04-18','Cassin Group',18),('1983-12-27','Cassin Ltd',19),('1974-10-26','Conn LLC',20),('1995-12-27','Conn, Hettinger',21),('2015-01-07','Considine Inc',22),('1974-12-09','Considine-McKen',23),('1980-06-18','Daniel, Kshleri',24),('2016-09-30','Daugherty-Littl',25),('1976-11-17','Dickinson, Grad',26),('2010-03-27','Durgan Inc',27),('2003-08-03','Fahey-Sawayn',28),('2022-05-18','Frami and Sons',29),('1986-01-27','Frami-Bode',30),('1997-05-25','Friesen-Torphy',31),('2007-08-31','Funk Group',32),('1977-10-30','Gerlach-Balistr',33),('1987-04-15','Gleason, Ruther',34),('1981-07-31','Grady-Rohan',35),('2004-02-10','Gusikowski PLC',36),('2017-03-09','Hackett-Schneid',37),('1996-07-26','Hahn, Thiel and',38),('2008-09-08','Halvorson-Jerde',39),('1987-04-13','Hammes, Pollich',40),('2007-09-12','Hartmann-Waelch',41),('2005-11-25','Hauck, Ritchie ',42),('1982-05-04','Hegmann and Son',43),('1985-04-15','Heidenreich, Zu',44),('2001-01-18','Hintz-Daugherty',45),('1984-08-19','Hudson Ltd',46),('1997-11-13','Hyatt Group',47),('1987-10-01','Jacobs, Mraz an',48),('1983-07-18','Jenkins-Aufderh',49),('1999-10-21','Johns, Heathcot',50),('1994-05-03','Kassulke Inc',51),('1990-01-27','Kautzer-Stroman',52),('2013-09-24','Kertzmann, Ruec',53),('1983-03-29','Kulas, Auer and',54),('2005-12-04','Kunde, Wolff an',55),('2021-09-07','Labadie, Okunev',56),('2009-05-09','Lebsack, McGlyn',57),('1971-02-14','Ledner Inc',58),('2006-02-15','Leuschke-Botsfo',59),('1997-10-08','Lueilwitz and S',60),('1975-04-01','Lueilwitz LLC',61),('2005-07-27','Macejkovic PLC',62),('1982-10-19','McDermott, Trem',63),('1980-09-22','Mraz LLC',64),('2018-11-06','Murray Group',65),('1988-12-15','Nienow, O\'Conne',66),('2014-09-21','O\'Keefe PLC',67),('2022-04-13','Ondricka Group',68),('2019-08-27','Pfeffer Ltd',69),('2002-02-25','Powlowski, Feen',70),('1979-02-09','Prosacco LLC',71),('1991-07-23','Prosacco, Barto',72),('2004-08-22','Purdy PLC',73),('2004-06-10','Reilly Group',74),('2007-06-14','Rice-Anderson',75),('1984-02-05','Rippin, Skiles ',76),('1975-11-11','Schamberger Ltd',77),('2001-10-14','Schinner, Kuval',78),('1972-03-07','Schoen, Emmeric',79),('1984-05-28','Schowalter and ',80),('1970-10-20','Schowalter-Schr',81),('1992-09-16','Shields and Son',82),('2004-03-07','Smith, O\'Hara a',83),('1994-11-29','Spinka PLC',84),('2004-04-20','Streich-Shields',85),('2020-11-26','Strosin Ltd',86),('2000-11-09','Swaniawski, Ada',87),('2020-07-27','Thompson, Boehm',88),('1972-11-13','Tromp-Robel',89),('2018-09-09','Turner Inc',90),('2017-01-06','Vandervort, Zie',91),('1979-07-16','Waelchi Group',92),('2017-12-26','Walsh, Casper a',93),('1975-09-21','Weissnat, Larso',94),('2001-03-02','Welch Group',95),('2005-07-19','Wiegand, Rohan ',96),('1971-07-10','Wuckert and Son',97),('2002-06-16','Wyman, Olson an',98),('2017-07-25','Zemlak-Harvey',99),('1980-09-06','Ziemann, Klein ',100);
/*!40000 ALTER TABLE `Employee_Relationship` ENABLE KEYS */;
UNLOCK TABLES;

--
-- Table structure for table `Evalulation`
--

DROP TABLE IF EXISTS `Evalulation`;
/*!40101 SET @saved_cs_client     = @@character_set_client */;
/*!40101 SET character_set_client = utf8 */;
CREATE TABLE `Evalulation` (
  `grade` int(11) DEFAULT NULL,
  `Date_of_Evalulation` date DEFAULT NULL,
  `project_name` varchar(15) COLLATE utf8mb4_unicode_ci DEFAULT NULL,
  `project_title` varchar(15) COLLATE utf8mb4_unicode_ci DEFAULT NULL,
  `reasearcher_id` int(11) DEFAULT NULL,
  KEY `Evaluation_of_project` (`project_title`),
  KEY `reasercher_who_eval` (`reasearcher_id`),
  CONSTRAINT `Evaluation_of_project` FOREIGN KEY (`project_title`) REFERENCES `Project` (`Title`) ON DELETE NO ACTION ON UPDATE CASCADE,
  CONSTRAINT `reasercher_who_eval` FOREIGN KEY (`reasearcher_id`) REFERENCES `Researcher` (`Researher_id`) ON DELETE NO ACTION ON UPDATE CASCADE
) ENGINE=InnoDB DEFAULT CHARSET=utf8mb4 COLLATE=utf8mb4_unicode_ci;
/*!40101 SET character_set_client = @saved_cs_client */;

--
-- Dumping data for table `Evalulation`
--

LOCK TABLES `Evalulation` WRITE;
/*!40000 ALTER TABLE `Evalulation` DISABLE KEYS */;
INSERT INTO `Evalulation` VALUES (0,'1992-06-24','a','a',1),(9,'1984-12-11','ab','ab',2),(9,'1996-02-02','accusantium','accusantium',3),(1,'1990-04-15','ad','ad',4),(2,'1999-04-23','adipisci','adipisci',5),(5,'2013-09-11','aliquid','aliquid',6),(6,'1984-04-17','amet','amet',7),(6,'1993-12-31','animi','animi',8),(7,'2007-06-29','aperiam','aperiam',9),(3,'1990-07-15','architecto','architecto',10),(6,'1995-06-16','asperiores','asperiores',11),(9,'1995-07-23','aspernatur','aspernatur',12),(2,'1988-04-24','at','at',13),(1,'1985-03-11','aut','aut',14),(2,'2014-06-09','blanditiis','blanditiis',15),(7,'1981-07-22','commodi','commodi',16),(1,'2008-08-29','consequatur','consequatur',17),(4,'2020-08-01','corporis','corporis',18),(7,'2017-05-09','culpa','culpa',19),(6,'1994-07-10','cum','cum',20),(1,'2002-11-29','cumque','cumque',21),(1,'1987-11-05','cupiditate','cupiditate',22),(9,'1993-05-15','delectus','delectus',23),(5,'2017-01-11','distinctio','distinctio',24),(1,'2008-01-19','dolorem','dolorem',25),(7,'1972-06-24','doloremque','doloremque',26),(8,'2010-05-18','doloribus','doloribus',27),(8,'1977-11-18','dolorum','dolorum',28),(1,'1973-01-24','ea','ea',29),(6,'2013-12-17','eius','eius',30),(9,'2003-02-21','eligendi','eligendi',31),(10,'2009-12-13','eos','eos',32),(8,'1976-10-13','error','error',33),(9,'2006-08-16','est','est',34),(4,'2021-03-16','et','et',35),(0,'2003-09-02','excepturi','excepturi',36),(7,'1980-11-29','exercitationem','exercitationem',37),(1,'1984-11-07','expedita','expedita',38),(4,'1973-03-18','explicabo','explicabo',39),(2,'1999-12-14','facere','facere',40),(0,'2004-03-27','fuga','fuga',41),(7,'2000-05-19','fugiat','fugiat',42),(1,'1975-10-31','fugit','fugit',43),(8,'1986-03-27','harum','harum',44),(6,'1973-05-21','hic','hic',45),(8,'1975-05-04','id','id',46),(0,'1995-10-11','illum','illum',47),(5,'2001-04-24','impedit','impedit',48),(1,'1980-12-14','in','in',49),(2,'2006-02-02','inventore','inventore',50),(0,'2007-06-07','iste','iste',51),(4,'1993-01-16','iusto','iusto',52),(1,'2017-09-24','labore','labore',53),(4,'1981-03-17','magnam','magnam',54),(8,'1986-03-14','maiores','maiores',55),(9,'1978-12-15','maxime','maxime',56),(4,'1971-02-11','minima','minima',57),(4,'1985-01-15','minus','minus',58),(2,'2004-10-11','modi','modi',59),(10,'1970-03-18','molestiae','molestiae',60),(9,'1991-12-01','necessitatibus','necessitatibus',61),(10,'2021-02-18','nemo','nemo',62),(1,'2019-09-19','nihil','nihil',63),(8,'1975-08-29','nisi','nisi',64),(8,'1972-10-19','non','non',65),(1,'1980-05-18','nulla','nulla',66),(0,'1983-04-24','occaecati','occaecati',67),(6,'1986-04-15','odio','odio',68),(9,'2013-11-03','officia','officia',69),(7,'2017-08-19','omnis','omnis',70),(7,'2019-10-20','perferendis','perferendis',71),(9,'1981-09-19','perspiciatis','perspiciatis',72),(9,'1985-10-30','porro','porro',73),(6,'1996-05-11','quae','quae',74),(10,'2021-05-31','quas','quas',75),(4,'1997-02-17','quasi','quasi',76),(10,'1983-09-13','qui','qui',77),(5,'2002-03-23','quia','quia',78),(7,'1989-06-07','quibusdam','quibusdam',79),(4,'1982-09-02','quis','quis',80),(0,'1974-07-20','recusandae','recusandae',81),(0,'1972-11-24','rem','rem',82),(0,'2006-02-28','repellat','repellat',83),(8,'1996-05-02','repellendus','repellendus',84),(9,'1990-09-05','repudiandae','repudiandae',85),(8,'1996-04-11','rerum','rerum',86),(6,'2012-12-01','sapiente','sapiente',87),(0,'1971-05-27','sequi','sequi',88),(3,'1990-12-07','sit','sit',89),(10,'2006-02-26','sunt','sunt',90),(3,'1996-12-17','suscipit','suscipit',91),(7,'2002-06-20','ullam','ullam',92),(8,'1974-11-09','ut','ut',93),(9,'1970-01-16','velit','velit',94),(3,'2021-08-30','veritatis','veritatis',95),(5,'2001-06-28','vitae','vitae',96),(2,'1977-03-29','voluptas','voluptas',97),(8,'2007-09-01','voluptatem','voluptatem',98),(9,'1974-06-03','voluptatibus','voluptatibus',99),(1,'1988-05-03','voluptatum','voluptatum',100);
/*!40000 ALTER TABLE `Evalulation` ENABLE KEYS */;
UNLOCK TABLES;

--
-- Table structure for table `Executive_Manager`
--

DROP TABLE IF EXISTS `Executive_Manager`;
/*!40101 SET @saved_cs_client     = @@character_set_client */;
/*!40101 SET character_set_client = utf8 */;
CREATE TABLE `Executive_Manager` (
  `name` varchar(15) COLLATE utf8mb4_unicode_ci NOT NULL,
  `Executive_manger_id` int(11) NOT NULL AUTO_INCREMENT,
  PRIMARY KEY (`Executive_manger_id`)
) ENGINE=InnoDB AUTO_INCREMENT=31 DEFAULT CHARSET=utf8mb4 COLLATE=utf8mb4_unicode_ci;
/*!40101 SET character_set_client = @saved_cs_client */;

--
-- Dumping data for table `Executive_Manager`
--

LOCK TABLES `Executive_Manager` WRITE;
/*!40000 ALTER TABLE `Executive_Manager` DISABLE KEYS */;
INSERT INTO `Executive_Manager` VALUES ('Alexanne',1),('Amelie',2),('Beulah',3),('Garnett',4),('Nikki',5),('Coleman',6),('Gilbert',7),('Myrl',8),('Nathanael',9),('Raegan',10),('Hershel',11),('Anabelle',12),('Lorine',13),('Edd',14),('Sim',15),('Robert',16),('Opal',17),('Caden',18),('Jordan',19),('Briana',20),('Mireya',21),('Katlyn',22),('Susan',23),('Iliana',24),('Freda',25),('Oscar',26),('Gerry',27),('Don',28),('Marie',29),('Annalise',30);
/*!40000 ALTER TABLE `Executive_Manager` ENABLE KEYS */;
UNLOCK TABLES;

--
-- Table structure for table `Funding_Program`
--

DROP TABLE IF EXISTS `Funding_Program`;
/*!40101 SET @saved_cs_client     = @@character_set_client */;
/*!40101 SET character_set_client = utf8 */;
CREATE TABLE `Funding_Program` (
  `name` varchar(15) COLLATE utf8mb4_unicode_ci NOT NULL,
  `project` varchar(15) COLLATE utf8mb4_unicode_ci DEFAULT NULL,
  `address_ID` int(11) DEFAULT NULL,
  PRIMARY KEY (`name`),
  KEY `funding_has_project` (`project`),
  KEY `Funding_program_organization_address` (`address_ID`),
  CONSTRAINT `Funding_program_organization_address` FOREIGN KEY (`address_ID`) REFERENCES `Address` (`address_id`) ON DELETE NO ACTION ON UPDATE CASCADE,
  CONSTRAINT `funding_has_project` FOREIGN KEY (`project`) REFERENCES `Project` (`Title`) ON DELETE NO ACTION ON UPDATE CASCADE
) ENGINE=InnoDB DEFAULT CHARSET=utf8mb4 COLLATE=utf8mb4_unicode_ci;
/*!40101 SET character_set_client = @saved_cs_client */;

--
-- Dumping data for table `Funding_Program`
--

LOCK TABLES `Funding_Program` WRITE;
/*!40000 ALTER TABLE `Funding_Program` DISABLE KEYS */;
INSERT INTO `Funding_Program` VALUES ('a','hic',45),('accusamus','et',35),('accusantium','error',33),('ad','eligendi',31),('adipisci','corporis',18),('alias','rerum',86),('aliquid','commodi',16),('amet','excepturi',36),('asperiores','doloremque',26),('aspernatur','harum',44),('assumenda','dolorem',25),('at','cumque',21),('atque','at',13),('aut','animi',8),('autem','odio',68),('beatae','et',35),('blanditiis','commodi',16),('commodi','maiores',55),('consectetur','facere',40),('consequatur','aut',14),('consequuntur','in',49),('corporis','exercitationem',37),('corrupti','quibusdam',79),('cum','impedit',48),('cumque','aut',14),('cupiditate','occaecati',67),('debitis','rem',82),('delectus','quis',80),('deleniti','vitae',96),('deserunt','fuga',41),('dicta','impedit',48),('dignissimos','ab',2),('distinctio','ut',93),('dolor','distinctio',24),('dolorem','labore',53),('doloremque','inventore',50),('dolores','animi',8),('doloribus','modi',59),('dolorum','expedita',38),('ea','culpa',19),('eaque','fugit',43),('earum','minus',58),('eligendi','expedita',38),('enim','adipisci',5),('eos','aliquid',6),('error','aperiam',9),('esse','ad',4),('est','cupiditate',22),('et','aspernatur',12),('eum','a',1),('ex','suscipit',91),('excepturi','accusantium',3),('exercitationem','voluptatibus',99),('expedita','asperiores',11),('facere','illum',47),('facilis','iste',51),('fuga','adipisci',5),('fugiat','excepturi',36),('fugit','necessitatibus',61),('harum','iusto',52),('hic','perferendis',71),('id','aspernatur',12),('illo','sunt',90),('illum','delectus',23),('impedit','ea',29),('in','recusandae',81),('inventore','doloribus',27),('ipsa','molestiae',60),('ipsam','consequatur',17),('ipsum','officia',69),('iste','inventore',50),('itaque','a',1),('iure','sit',89),('labore','hic',45),('laboriosam','blanditiis',15),('laborum','aliquid',6),('laudantium','exercitationem',37),('libero','eius',30),('magni','ullam',92),('maiores','distinctio',24),('minima','blanditiis',15),('minus','fugiat',42),('modi','cupiditate',22),('molestiae','repudiandae',85),('molestias','eius',30),('mollitia','dolorum',28),('nam','est',34),('necessitatibus','architecto',10),('nemo','voluptatum',100),('neque','sapiente',87),('nesciunt','nisi',64),('nihil','velit',94),('nisi','explicabo',39),('nobis','consequatur',17),('non','cum',20),('numquam','cum',20),('occaecati','facere',40),('odio','fugit',43),('odit','error',33),('officia','delectus',23),('officiis','dolorum',28),('omnis','porro',73),('pariatur','nulla',66),('placeat','maxime',56),('possimus','veritatis',95),('provident','eligendi',31),('quaerat','qui',77),('quam','ea',29),('quas','perspiciatis',72),('qui','doloremque',26),('quia','harum',44),('quibusdam','id',46),('quis','voluptatem',98),('quisquam','corporis',18),('quo','quas',75),('quod','id',46),('quos','quae',74),('ratione','ab',2),('recusandae','fuga',41),('reiciendis','illum',47),('repellendus','nemo',62),('reprehenderit','est',34),('repudiandae','eos',32),('rerum','amet',7),('saepe','sequi',88),('sapiente','amet',7),('sed','repellat',83),('sequi','voluptas',97),('similique','repellendus',84),('sint','magnam',54),('sit','architecto',10),('sunt','eos',32),('suscipit','quasi',76),('tempora','omnis',70),('tempore','minima',57),('temporibus','fugiat',42),('tenetur','quia',78),('totam','accusantium',3),('ullam','cumque',21),('ut','asperiores',11),('vel','in',49),('velit','non',65),('veniam','culpa',19),('veritatis','ad',4),('vero','doloribus',27),('voluptas','nihil',63),('voluptatem','at',13),('voluptates','aperiam',9),('voluptatibus','explicabo',39),('voluptatum','dolorem',25);
/*!40000 ALTER TABLE `Funding_Program` ENABLE KEYS */;
UNLOCK TABLES;

--
-- Table structure for table `Organization`
--

DROP TABLE IF EXISTS `Organization`;
/*!40101 SET @saved_cs_client     = @@character_set_client */;
/*!40101 SET character_set_client = utf8 */;
CREATE TABLE `Organization` (
  `name` varchar(15) COLLATE utf8mb4_unicode_ci NOT NULL,
  `shortcut` varchar(5) COLLATE utf8mb4_unicode_ci DEFAULT NULL,
  `type_of_organization` enum('university','company','research center') COLLATE utf8mb4_unicode_ci DEFAULT NULL,
  `address_id` int(11) DEFAULT NULL,
  PRIMARY KEY (`name`),
  KEY `Organization_has_address` (`address_id`),
  CONSTRAINT `Organization_has_address` FOREIGN KEY (`address_id`) REFERENCES `Address` (`address_id`) ON DELETE NO ACTION ON UPDATE CASCADE
) ENGINE=InnoDB DEFAULT CHARSET=utf8mb4 COLLATE=utf8mb4_unicode_ci;
/*!40101 SET character_set_client = @saved_cs_client */;

--
-- Dumping data for table `Organization`
--

LOCK TABLES `Organization` WRITE;
/*!40000 ALTER TABLE `Organization` DISABLE KEYS */;
INSERT INTO `Organization` VALUES ('Abbott, Jacobso','lcgd','university',83),('Anderson-Murray','ggpy','university',35),('Armstrong-Zieme','qfqe','company',18),('Bergstrom PLC','aezf','university',99),('Bergstrom, Hegm','fpwn','company',75),('Bins-Thompson','uktf','university',13),('Bode and Sons','isyh','company',72),('Bogan and Sons','dgmk','research center',100),('Bogan, Wehner a','xwpw','company',49),('Boyle Inc','hwwe','university',47),('Boyle-Ondricka','jxhe','research center',25),('Bruen Inc','ahvt','research center',20),('Bruen, Kemmer a','tezq','university',46),('Buckridge Inc','nvhg','company',58),('Buckridge-Cumme','fnpw','company',78),('Buckridge, Buck','tskm','company',3),('Carter-Bernier','qoul','research center',14),('Cassin Group','ixia','research center',76),('Cassin Ltd','tsak','company',37),('Conn LLC','lege','research center',87),('Conn, Hettinger','whmk','company',23),('Considine Inc','eias','university',70),('Considine-McKen','eolg','research center',82),('Daniel, Kshleri','hyea','university',71),('Daugherty-Littl','brvf','company',44),('Dickinson, Grad','zlwe','company',86),('Durgan Inc','rhjk','university',41),('Fahey-Sawayn','epcq','research center',80),('Frami and Sons','quzd','company',88),('Frami-Bode','ahoo','company',30),('Friesen-Torphy','ckju','company',36),('Funk Group','luct','company',56),('Gerlach-Balistr','dfqi','university',52),('Gleason, Ruther','qvyh','university',84),('Grady-Rohan','xqvm','company',53),('Gusikowski PLC','cjot','university',73),('Hackett-Schneid','hlpm','research center',50),('Hahn, Thiel and','edet','research center',15),('Halvorson-Jerde','pwpj','research center',11),('Hammes, Pollich','ogrj','research center',67),('Hartmann-Waelch','dxvr','university',93),('Hauck, Ritchie ','pnrd','company',28),('Hegmann and Son','ygvg','company',10),('Heidenreich, Zu','yyda','research center',94),('Hintz-Daugherty','giow','company',34),('Hudson Ltd','xhxw','company',96),('Hyatt Group','xppx','company',63),('Jacobs, Mraz an','fghu','university',57),('Jenkins-Aufderh','hejn','university',27),('Johns, Heathcot','ccbj','research center',32),('Kassulke Inc','yldz','company',5),('Kautzer-Stroman','fljz','research center',38),('Kertzmann, Ruec','swih','research center',77),('Kulas, Auer and','xvoe','university',43),('Kunde, Wolff an','uqud','research center',42),('Labadie, Okunev','xjxc','company',61),('Lebsack, McGlyn','ilgy','company',4),('Ledner Inc','nspf','company',17),('Leuschke-Botsfo','usmr','university',6),('Lueilwitz and S','imvc','research center',66),('Lueilwitz LLC','rpna','research center',1),('Macejkovic PLC','rxhe','company',95),('McDermott, Trem','imit','research center',21),('Mraz LLC','qyjl','company',40),('Murray Group','kugp','university',97),('Nienow, O\'Conne','wghy','company',68),('O\'Keefe PLC','pkzy','company',51),('Ondricka Group','ticd','research center',59),('Pfeffer Ltd','uurm','research center',55),('Powlowski, Feen','boiz','university',62),('Prosacco LLC','eupx','company',65),('Prosacco, Barto','wbpn','university',24),('Purdy PLC','bcvz','research center',64),('Reilly Group','sryg','company',74),('Rice-Anderson','ipvi','company',60),('Rippin, Skiles ','lpur','university',22),('Schamberger Ltd','cxet','university',8),('Schinner, Kuval','bqgg','university',31),('Schoen, Emmeric','grux','company',19),('Schowalter and ','skse','research center',7),('Schowalter-Schr','tbhd','research center',85),('Shields and Son','tjal','company',98),('Smith, O\'Hara a','hmxh','university',33),('Spinka PLC','bjqn','research center',39),('Streich-Shields','eajw','company',48),('Strosin Ltd','xnav','company',9),('Swaniawski, Ada','nrsz','research center',45),('Thompson, Boehm','pcut','university',79),('Tromp-Robel','duyo','research center',2),('Turner Inc','ekbt','university',26),('Vandervort, Zie','jggy','research center',81),('Waelchi Group','vpty','university',90),('Walsh, Casper a','kvfd','company',89),('Weissnat, Larso','vuyo','company',91),('Welch Group','iwwn','research center',54),('Wiegand, Rohan ','fpfo','company',16),('Wuckert and Son','pogn','university',92),('Wyman, Olson an','sbox','research center',69),('Zemlak-Harvey','ohqv','university',12),('Ziemann, Klein ','nhui','research center',29);
/*!40000 ALTER TABLE `Organization` ENABLE KEYS */;
UNLOCK TABLES;

--
-- Table structure for table `Project`
--

DROP TABLE IF EXISTS `Project`;
/*!40101 SET @saved_cs_client     = @@character_set_client */;
/*!40101 SET character_set_client = utf8 */;
CREATE TABLE `Project` (
  `Title` varchar(15) COLLATE utf8mb4_unicode_ci NOT NULL,
  `Summary` varchar(500) COLLATE utf8mb4_unicode_ci DEFAULT NULL,
  `BeginDate` date NOT NULL,
  `ExpiryDate` date NOT NULL,
  `managerID` int(11) DEFAULT NULL,
  `Organization_name` varchar(15) COLLATE utf8mb4_unicode_ci DEFAULT NULL,
  `Researcher_ID` int(11) DEFAULT NULL,
  PRIMARY KEY (`Title`),
  KEY `Project_Manager` (`managerID`),
  KEY `Project_belongs` (`Organization_name`),
  KEY `Researcher_manager` (`Researcher_ID`),
  CONSTRAINT `Project_Manager` FOREIGN KEY (`managerID`) REFERENCES `Executive_Manager` (`Executive_manger_id`) ON DELETE NO ACTION ON UPDATE CASCADE,
  CONSTRAINT `Project_belongs` FOREIGN KEY (`Organization_name`) REFERENCES `Organization` (`name`) ON DELETE NO ACTION ON UPDATE CASCADE,
  CONSTRAINT `Researcher_manager` FOREIGN KEY (`Researcher_ID`) REFERENCES `Researcher` (`Researher_id`) ON DELETE NO ACTION ON UPDATE CASCADE
) ENGINE=InnoDB DEFAULT CHARSET=utf8mb4 COLLATE=utf8mb4_unicode_ci;
/*!40101 SET character_set_client = @saved_cs_client */;

--
-- Dumping data for table `Project`
--

LOCK TABLES `Project` WRITE;
/*!40000 ALTER TABLE `Project` DISABLE KEYS */;
INSERT INTO `Project` VALUES ('a','305','2017-02-26','2011-09-07',6,'Nienow, O\'Conne',66),('ab','743','2017-05-02','1995-07-22',13,'Purdy PLC',73),('accusantium','912','2020-01-20','1988-11-01',24,'Spinka PLC',84),('ad','589','1992-12-28','1988-08-23',27,'Durgan Inc',27),('adipisci','989','2000-06-04','2004-02-28',19,'Schoen, Emmeric',79),('aliquid','364','1987-11-06','2018-04-29',23,'Considine-McKen',23),('amet','617','1990-05-09','2014-09-20',2,'Anderson-Murray',2),('animi','487','2020-10-05','2012-06-21',1,'Vandervort, Zie',91),('aperiam','098','2003-01-26','1995-07-09',3,'Walsh, Casper a',93),('architecto','780','1997-10-12','1981-08-05',8,'Hahn, Thiel and',38),('asperiores','675','1995-09-03','1971-11-30',12,'Prosacco, Barto',72),('aspernatur','702','1973-05-22','2001-01-29',19,'Jenkins-Aufderh',49),('at','684','2000-08-31','1977-01-20',18,'Schinner, Kuval',78),('aut','577','1992-09-24','1987-03-18',24,'Daniel, Kshleri',24),('blanditiis','139','2002-01-23','1976-05-19',17,'Hyatt Group',47),('commodi','742','1982-03-09','1977-07-10',29,'Frami and Sons',29),('consequatur','381','1999-08-08','2001-04-07',4,'Bergstrom PLC',4),('corporis','386','2019-05-26','2022-02-05',1,'Lueilwitz LLC',61),('culpa','850','2009-09-08','1995-08-03',7,'Bode and Sons',7),('cum','615','1990-01-13','2004-05-31',29,'Leuschke-Botsfo',59),('cumque','891','2016-08-20','2020-07-16',15,'Buckridge-Cumme',15),('cupiditate','501','2001-05-27','1992-10-10',10,'Hammes, Pollich',40),('delectus','519','2000-11-08','1998-03-03',14,'Reilly Group',74),('distinctio','548','1976-01-10','1974-03-21',26,'Dickinson, Grad',26),('dolorem','026','2015-03-04','1993-07-02',20,'Schowalter and ',80),('doloremque','452','1999-03-08','2010-02-05',2,'Waelchi Group',92),('doloribus','751','1984-01-03','1970-02-21',11,'Hartmann-Waelch',41),('dolorum','019','1991-05-20','1992-06-21',13,'Bruen, Kemmer a',13),('ea','118','1978-07-08','1997-04-09',14,'Heidenreich, Zu',44),('eius','364','2011-11-17','1982-12-23',21,'Schowalter-Schr',81),('eligendi','278','2018-02-07','1979-07-24',2,'Funk Group',32),('eos','406','2013-05-03','1973-06-04',26,'Labadie, Okunev',56),('error','571','2021-10-19','2008-06-24',6,'Wiegand, Rohan ',96),('est','481','1992-07-29','1975-02-25',30,'Lueilwitz and S',60),('et','921','2006-06-30','2004-06-07',1,'Abbott, Jacobso',1),('excepturi','608','2014-08-06','1971-10-07',7,'Wuckert and Son',97),('exercitationem','062','1997-12-19','2022-02-28',13,'Hegmann and Son',43),('expedita','558','2013-06-18','1993-10-23',12,'Bruen Inc',12),('explicabo','148','2009-12-24','2012-01-17',6,'Bins-Thompson',6),('facere','008','1974-05-30','1995-03-13',9,'Halvorson-Jerde',39),('fuga','588','2010-04-07','2020-11-05',30,'Frami-Bode',30),('fugiat','165','2001-08-05','1995-10-10',19,'Cassin Ltd',19),('fugit','789','1994-10-29','2012-12-04',6,'Gusikowski PLC',36),('harum','761','2010-07-19','1994-10-14',27,'Swaniawski, Ada',87),('hic','286','2009-07-15','1989-01-05',5,'Welch Group',95),('id','510','2019-04-17','1994-08-03',5,'Bergstrom, Hegm',5),('illum','422','2007-10-19','1970-09-12',8,'Wyman, Olson an',98),('impedit','049','2014-10-10','1987-04-26',9,'Pfeffer Ltd',69),('in','879','1989-01-06','1970-07-05',3,'Gerlach-Balistr',33),('inventore','101','2011-01-27','1979-01-12',11,'Boyle-Ondricka',11),('iste','426','1980-08-10','1984-10-29',16,'Rippin, Skiles ',76),('iusto','468','1977-08-10','1977-02-03',5,'Grady-Rohan',35),('labore','982','1981-03-11','2008-04-09',23,'Smith, O\'Hara a',83),('magnam','017','1984-07-27','1990-06-04',22,'Considine Inc',22),('maiores','685','1984-12-24','1997-09-22',4,'Weissnat, Larso',94),('maxime','819','1992-06-09','2016-04-17',28,'Thompson, Boehm',88),('minima','466','1993-12-02','1996-02-25',7,'Hackett-Schneid',37),('minus','638','1973-01-19','1996-05-26',21,'Conn, Hettinger',21),('modi','722','2004-07-09','1997-01-29',25,'Kunde, Wolff an',55),('molestiae','171','2006-10-08','1993-09-06',16,'Hudson Ltd',46),('necessitatibus','844','1986-12-08','2019-07-22',16,'Buckridge, Buck',16),('nemo','464','2003-07-18','2004-07-21',10,'Powlowski, Feen',70),('nihil','481','2016-10-12','2005-11-24',3,'Armstrong-Zieme',3),('nisi','405','1982-02-09','1992-04-19',20,'Conn LLC',20),('non','480','1989-09-05','1997-07-12',3,'McDermott, Trem',63),('nulla','228','1984-07-31','1975-03-10',17,'Carter-Bernier',17),('occaecati','713','1998-12-08','2011-12-20',4,'Mraz LLC',64),('odio','844','1984-04-29','1981-03-03',28,'Fahey-Sawayn',28),('officia','391','1974-04-07','1978-12-07',2,'Macejkovic PLC',62),('omnis','534','1980-10-09','1988-05-25',5,'Murray Group',65),('perferendis','223','2004-12-11','1972-03-13',21,'Kassulke Inc',51),('perspiciatis','531','1977-04-18','2005-07-26',9,'Zemlak-Harvey',99),('porro','129','1974-08-05','1979-11-10',17,'Schamberger Ltd',77),('quae','596','1989-01-18','2006-08-26',7,'O\'Keefe PLC',67),('quas','374','1990-09-07','1981-01-03',27,'Lebsack, McGlyn',57),('quasi','101','2014-04-28','1978-06-09',1,'Friesen-Torphy',31),('qui','715','1974-03-11','1974-05-16',14,'Buckridge Inc',14),('quia','763','2012-09-25','1993-06-24',9,'Bogan, Wehner a',9),('quibusdam','162','1971-01-11','1994-10-24',29,'Tromp-Robel',89),('quis','908','2010-06-26','2001-01-31',4,'Gleason, Ruther',34),('recusandae','043','1988-05-31','2003-07-21',15,'Hintz-Daugherty',45),('rem','255','2006-05-31','2002-09-18',25,'Daugherty-Littl',25),('repellat','882','1974-09-28','2013-10-20',25,'Streich-Shields',85),('repellendus','697','1993-02-22','1996-10-23',8,'Bogan and Sons',8),('repudiandae','218','1993-04-08','2014-06-19',11,'Prosacco LLC',71),('rerum','532','2010-04-08','2012-10-24',23,'Kertzmann, Ruec',53),('sapiente','532','2005-08-11','2007-10-09',18,'Jacobs, Mraz an',48),('sequi','603','1995-08-03','1986-10-30',15,'Rice-Anderson',75),('sit','282','2014-01-17','1979-04-11',28,'Ledner Inc',58),('sunt','602','1999-11-30','2000-03-27',12,'Hauck, Ritchie ',42),('suscipit','693','1974-04-22','2004-02-13',24,'Kulas, Auer and',54),('ullam','932','1985-10-01','2020-01-26',22,'Shields and Son',82),('ut','453','2019-10-17','1980-09-12',10,'Boyle Inc',10),('velit','281','2020-12-05','1980-12-30',18,'Cassin Group',18),('veritatis','203','2020-01-23','1978-10-03',22,'Kautzer-Stroman',52),('vitae','855','2018-06-13','1987-06-04',26,'Strosin Ltd',86),('voluptas','766','2009-02-24','1973-04-12',8,'Ondricka Group',68),('voluptatem','576','1993-04-16','1973-07-08',10,'Ziemann, Klein ',100),('voluptatibus','032','1984-02-28','1999-01-10',30,'Turner Inc',90),('voluptatum','101','2003-11-08','1984-06-23',20,'Johns, Heathcot',50);
/*!40000 ALTER TABLE `Project` ENABLE KEYS */;
UNLOCK TABLES;

--
-- Table structure for table `Researcher`
--

DROP TABLE IF EXISTS `Researcher`;
/*!40101 SET @saved_cs_client     = @@character_set_client */;
/*!40101 SET character_set_client = utf8 */;
CREATE TABLE `Researcher` (
  `name` varchar(15) COLLATE utf8mb4_unicode_ci NOT NULL,
  `Surname` varchar(15) COLLATE utf8mb4_unicode_ci DEFAULT NULL,
  `Sex` enum('Male','Female') COLLATE utf8mb4_unicode_ci DEFAULT NULL,
  `DateOfBirth` date DEFAULT NULL,
  `Researher_id` int(11) NOT NULL AUTO_INCREMENT,
  PRIMARY KEY (`Researher_id`)
) ENGINE=InnoDB AUTO_INCREMENT=101 DEFAULT CHARSET=utf8mb4 COLLATE=utf8mb4_unicode_ci;
/*!40101 SET character_set_client = @saved_cs_client */;

--
-- Dumping data for table `Researcher`
--

LOCK TABLES `Researcher` WRITE;
/*!40000 ALTER TABLE `Researcher` DISABLE KEYS */;
INSERT INTO `Researcher` VALUES ('Pansy','Fahey','Male','1979-11-07',1),('Eve','Blanda','Female','2007-10-07',2),('Izaiah','White','Female','1971-02-24',3),('Keyshawn','Ebert','Male','1983-03-23',4),('Ernesto','Schowalter','Female','1980-07-10',5),('Arthur','Ferry','Male','1975-02-19',6),('Emerald','Kertzmann','Male','2017-09-22',7),('Toy','Breitenberg','Female','1991-09-01',8),('Kirsten','Rath','Male','1979-07-31',9),('Gunner','Mosciski','Male','1995-06-27',10),('Tad','Harvey','Male','1981-03-10',11),('Danika','Ritchie','Female','1980-09-15',12),('Carleton','Kertzmann','Female','2013-10-15',13),('Ruthe','Kulas','Female','1991-08-29',14),('Gregoria','Dickens','Female','2000-06-16',15),('Cordelia','Mertz','Male','1997-02-16',16),('Ryann','Klocko','Female','2014-08-28',17),('Fidel','Glover','Male','2010-03-31',18),('Eino','Schamberger','Female','2001-02-20',19),('Herbert','Kuhlman','Female','1977-05-27',20),('Ernestine','Heidenreich','Male','2021-07-09',21),('Wilma','Schneider','Male','1979-12-21',22),('Verner','Kuhic','Female','1982-01-18',23),('Jessyca','Nikolaus','Male','1986-05-08',24),('Pinkie','Donnelly','Male','2006-09-25',25),('Jerod','Goodwin','Female','1985-11-30',26),('Ferne','Borer','Female','1980-02-05',27),('Geovanni','Doyle','Female','2009-10-14',28),('Ebba','Satterfield','Female','2010-06-25',29),('Annamae','McLaughlin','Female','2004-05-20',30),('David','Wilkinson','Male','1974-01-18',31),('Amy','Cartwright','Male','1980-10-13',32),('Daniela','Hickle','Male','1981-08-07',33),('Alan','Crist','Male','2010-12-12',34),('Jimmy','Bartell','Female','1996-10-13',35),('Alexandra','Effertz','Female','1977-09-09',36),('Mariah','Schmidt','Female','1987-12-08',37),('Macey','Kassulke','Female','1974-03-29',38),('Kris','Kohler','Female','2021-07-21',39),('Toby','Lindgren','Female','2015-12-10',40),('Hayden','Herzog','Male','2015-06-08',41),('Keven','Kessler','Male','1975-11-06',42),('Petra','Haag','Male','2010-07-13',43),('Allene','Leffler','Female','2004-01-06',44),('Garry','Murphy','Male','1973-08-04',45),('Bruce','Durgan','Female','2013-12-03',46),('Flo','Kohler','Male','2011-07-03',47),('Yazmin','O\'Conner','Female','2013-06-26',48),('Amir','Walker','Female','2008-11-23',49),('Estella','Wisoky','Female','1972-09-08',50),('Anderson','Borer','Male','2021-03-30',51),('Sigmund','Boehm','Male','2014-04-17',52),('Amber','Boyer','Male','1982-07-25',53),('Unique','Ondricka','Female','2001-04-18',54),('Garth','Hirthe','Male','1995-12-21',55),('Marta','Effertz','Male','1998-10-16',56),('Robbie','Hoeger','Male','1970-08-13',57),('Torrey','Stark','Female','1977-03-24',58),('Tre','Treutel','Male','2015-08-29',59),('Wade','Bernier','Female','1987-01-02',60),('Hershel','O\'Kon','Female','1975-12-06',61),('Terrence','Gorczany','Male','2002-09-01',62),('Sammie','Lockman','Female','1988-01-02',63),('Kailee','Bahringer','Male','2001-05-02',64),('Amina','Fisher','Male','1973-08-19',65),('Evangeline','Kris','Male','2018-01-24',66),('Devyn','Fisher','Female','1981-09-07',67),('Lamont','Tremblay','Female','2008-11-03',68),('Leonardo','Kohler','Male','2020-07-05',69),('Keara','Anderson','Male','2008-06-05',70),('Dillan','Willms','Female','2003-11-01',71),('Mittie','Luettgen','Female','1991-01-07',72),('Bernice','Dooley','Female','1993-09-20',73),('Michael','Friesen','Female','1976-11-14',74),('Stephanie','Denesik','Female','1988-05-12',75),('Tabitha','Schiller','Male','1981-03-16',76),('Larissa','Stehr','Female','2021-09-28',77),('Joy','Pollich','Male','1983-11-13',78),('Richard','DuBuque','Male','2011-12-04',79),('Greyson','Stoltenberg','Female','1993-09-01',80),('Dominique','Mayert','Male','1983-05-31',81),('Titus','Abernathy','Female','1997-07-08',82),('Ara','Hayes','Male','1981-06-16',83),('Brody','Brekke','Female','2016-03-17',84),('Pattie','Dickinson','Female','2012-08-02',85),('Katlyn','Bruen','Female','1993-03-03',86),('Prudence','Ondricka','Male','1989-08-20',87),('Enrico','Weissnat','Male','2015-01-22',88),('Darian','Bogisich','Female','2005-09-21',89),('Deangelo','Spencer','Female','2004-12-03',90),('Ottilie','Hyatt','Female','1985-05-22',91),('Bessie','Vandervort','Female','1982-04-13',92),('Sim','Padberg','Male','2015-07-09',93),('Keira','VonRueden','Female','1981-07-09',94),('Sherman','Marvin','Male','1989-01-01',95),('Arvid','Gulgowski','Male','2007-07-11',96),('Felipe','Rolfson','Female','1989-07-22',97),('Columbus','Schoen','Male','2015-04-13',98),('Deven','Kirlin','Male','1984-11-09',99),('Raleigh','Simonis','Female','2001-08-12',100);
/*!40000 ALTER TABLE `Researcher` ENABLE KEYS */;
UNLOCK TABLES;

--
-- Table structure for table `Researcher_Center`
--

DROP TABLE IF EXISTS `Researcher_Center`;
/*!40101 SET @saved_cs_client     = @@character_set_client */;
/*!40101 SET character_set_client = utf8 */;
CREATE TABLE `Researcher_Center` (
  `Budget_From_Ministry_of_Education` decimal(7,2) DEFAULT NULL,
  `Budget_From_Private_Actions` decimal(7,2) DEFAULT NULL,
  `Organization_name` varchar(15) COLLATE utf8mb4_unicode_ci DEFAULT NULL,
  KEY `Organization_is_reaserch_center` (`Organization_name`),
  CONSTRAINT `Organization_is_reaserch_center` FOREIGN KEY (`Organization_name`) REFERENCES `Organization` (`name`) ON DELETE NO ACTION ON UPDATE CASCADE
) ENGINE=InnoDB DEFAULT CHARSET=utf8mb4 COLLATE=utf8mb4_unicode_ci;
/*!40101 SET character_set_client = @saved_cs_client */;

--
-- Dumping data for table `Researcher_Center`
--

LOCK TABLES `Researcher_Center` WRITE;
/*!40000 ALTER TABLE `Researcher_Center` DISABLE KEYS */;
INSERT INTO `Researcher_Center` VALUES (99999.99,99999.99,'Mraz LLC'),(52923.80,99999.99,'Considine-McKen'),(3.31,99999.99,'Weissnat, Larso'),(99999.99,1.48,'Vandervort, Zie'),(813.05,811.37,'Leuschke-Botsfo'),(140.28,67415.88,'Hudson Ltd'),(4865.11,99999.99,'O\'Keefe PLC'),(1676.00,22539.65,'Murray Group'),(265.74,99999.99,'Johns, Heathcot'),(56994.98,99999.99,'Kunde, Wolff an'),(99999.99,0.00,'Swaniawski, Ada'),(99999.99,99999.99,'Prosacco LLC'),(99999.99,4.00,'Frami and Sons'),(30.60,24.40,'Prosacco, Barto'),(99999.99,558.10,'Johns, Heathcot'),(4747.00,99999.99,'Frami and Sons'),(110.36,99999.99,'Funk Group'),(0.00,347.00,'Considine-McKen'),(2.93,1545.94,'Kulas, Auer and'),(99999.99,11.44,'Bergstrom, Hegm'),(2519.30,61.98,'Prosacco, Barto'),(111.40,287.18,'Carter-Bernier'),(99999.99,0.00,'Smith, O\'Hara a'),(4.00,99999.99,'Cassin Group'),(5327.47,0.00,'Heidenreich, Zu'),(99999.99,99999.99,'Anderson-Murray'),(99999.99,99999.99,'Purdy PLC'),(0.00,7005.00,'Cassin Group'),(14.12,99999.99,'Thompson, Boehm'),(99999.99,0.00,'Buckridge-Cumme'),(99999.99,99999.99,'Anderson-Murray'),(99999.99,6341.40,'Kautzer-Stroman');
/*!40000 ALTER TABLE `Researcher_Center` ENABLE KEYS */;
UNLOCK TABLES;

--
-- Table structure for table `University`
--

DROP TABLE IF EXISTS `University`;
/*!40101 SET @saved_cs_client     = @@character_set_client */;
/*!40101 SET character_set_client = utf8 */;
CREATE TABLE `University` (
  `Budget_From_Ministry_of_Education` decimal(7,2) DEFAULT NULL,
  `Organization_name` varchar(15) COLLATE utf8mb4_unicode_ci DEFAULT NULL,
  KEY `Organization_is_University` (`Organization_name`),
  CONSTRAINT `Organization_is_University` FOREIGN KEY (`Organization_name`) REFERENCES `Organization` (`name`) ON DELETE NO ACTION ON UPDATE CASCADE
) ENGINE=InnoDB DEFAULT CHARSET=utf8mb4 COLLATE=utf8mb4_unicode_ci;
/*!40101 SET character_set_client = @saved_cs_client */;

--
-- Dumping data for table `University`
--

LOCK TABLES `University` WRITE;
/*!40000 ALTER TABLE `University` DISABLE KEYS */;
INSERT INTO `University` VALUES (105.23,'Kulas, Auer and'),(99999.99,'Rippin, Skiles '),(16.51,'Ziemann, Klein '),(99999.99,'Hudson Ltd'),(721.64,'Buckridge-Cumme'),(52878.65,'Lueilwitz LLC'),(99999.99,'Swaniawski, Ada'),(99999.99,'Shields and Son'),(99999.99,'Funk Group'),(43.59,'Tromp-Robel'),(13159.74,'Vandervort, Zie'),(3121.00,'Reilly Group'),(33.11,'Streich-Shields'),(430.83,'Labadie, Okunev'),(99999.99,'Rippin, Skiles '),(419.89,'Cassin Ltd'),(0.00,'Reilly Group'),(99999.99,'Considine Inc'),(0.00,'Kulas, Auer and'),(99999.99,'Welch Group'),(99999.99,'Ziemann, Klein '),(23.13,'Bogan and Sons'),(25847.00,'Labadie, Okunev'),(7.00,'Wuckert and Son'),(99999.99,'Conn, Hettinger'),(90.85,'Hartmann-Waelch'),(13065.03,'Gleason, Ruther'),(23.71,'Schamberger Ltd'),(99999.99,'Armstrong-Zieme');
/*!40000 ALTER TABLE `University` ENABLE KEYS */;
UNLOCK TABLES;

--
-- Table structure for table `WORK_ON`
--

DROP TABLE IF EXISTS `WORK_ON`;
/*!40101 SET @saved_cs_client     = @@character_set_client */;
/*!40101 SET character_set_client = utf8 */;
CREATE TABLE `WORK_ON` (
  `worker_id` int(11) DEFAULT NULL,
  `project_title` varchar(15) COLLATE utf8mb4_unicode_ci DEFAULT NULL,
  KEY `Researcher_that_works_on_project` (`worker_id`),
  KEY `Project_that_Researcher_works` (`project_title`),
  CONSTRAINT `Project_that_Researcher_works` FOREIGN KEY (`project_title`) REFERENCES `Project` (`Title`) ON UPDATE CASCADE,
  CONSTRAINT `Researcher_that_works_on_project` FOREIGN KEY (`worker_id`) REFERENCES `Researcher` (`Researher_id`) ON UPDATE CASCADE
) ENGINE=InnoDB DEFAULT CHARSET=utf8mb4 COLLATE=utf8mb4_unicode_ci;
/*!40101 SET character_set_client = @saved_cs_client */;

--
-- Dumping data for table `WORK_ON`
--

LOCK TABLES `WORK_ON` WRITE;
/*!40000 ALTER TABLE `WORK_ON` DISABLE KEYS */;
INSERT INTO `WORK_ON` VALUES (1,'a'),(2,'ab'),(3,'accusantium'),(4,'ad'),(5,'adipisci'),(6,'aliquid'),(7,'amet'),(8,'animi'),(9,'aperiam'),(10,'architecto'),(11,'asperiores'),(12,'aspernatur'),(13,'at'),(14,'aut'),(15,'blanditiis'),(16,'commodi'),(17,'consequatur'),(18,'corporis'),(19,'culpa'),(20,'cum'),(21,'cumque'),(22,'cupiditate'),(23,'delectus'),(24,'distinctio'),(25,'dolorem'),(26,'doloremque'),(27,'doloribus'),(28,'dolorum'),(29,'ea'),(30,'eius'),(31,'eligendi'),(32,'eos'),(33,'error'),(34,'est'),(35,'et'),(36,'excepturi'),(37,'exercitationem'),(38,'expedita'),(39,'explicabo'),(40,'facere'),(41,'fuga'),(42,'fugiat'),(43,'fugit'),(44,'harum'),(45,'hic'),(46,'id'),(47,'illum'),(48,'impedit'),(49,'in'),(50,'inventore'),(51,'iste'),(52,'iusto'),(53,'labore'),(54,'magnam'),(55,'maiores'),(56,'maxime'),(57,'minima'),(58,'minus'),(59,'modi'),(60,'molestiae'),(61,'necessitatibus'),(62,'nemo'),(63,'nihil'),(64,'nisi'),(65,'non'),(66,'nulla'),(67,'occaecati'),(68,'odio'),(69,'officia'),(70,'omnis'),(71,'perferendis'),(72,'perspiciatis'),(73,'porro'),(74,'quae'),(75,'quas'),(76,'quasi'),(77,'qui'),(78,'quia'),(79,'quibusdam'),(80,'quis'),(81,'recusandae'),(82,'rem'),(83,'repellat'),(84,'repellendus'),(85,'repudiandae'),(86,'rerum'),(87,'sapiente'),(88,'sequi'),(89,'sit'),(90,'sunt'),(91,'suscipit'),(92,'ullam'),(93,'ut'),(94,'velit'),(95,'veritatis'),(96,'vitae'),(97,'voluptas'),(98,'voluptatem'),(99,'voluptatibus'),(100,'voluptatum');
/*!40000 ALTER TABLE `WORK_ON` ENABLE KEYS */;
UNLOCK TABLES;

--
-- Table structure for table `phones`
--

DROP TABLE IF EXISTS `phones`;
/*!40101 SET @saved_cs_client     = @@character_set_client */;
/*!40101 SET character_set_client = utf8 */;
CREATE TABLE `phones` (
  `name` varchar(15) COLLATE utf8mb4_unicode_ci NOT NULL,
  `phone` varchar(10) COLLATE utf8mb4_unicode_ci NOT NULL,
  KEY `Organization_ph` (`name`),
  CONSTRAINT `Organization_ph` FOREIGN KEY (`name`) REFERENCES `Organization` (`name`) ON UPDATE CASCADE
) ENGINE=InnoDB DEFAULT CHARSET=utf8mb4 COLLATE=utf8mb4_unicode_ci;
/*!40101 SET character_set_client = @saved_cs_client */;

--
-- Dumping data for table `phones`
--

LOCK TABLES `phones` WRITE;
/*!40000 ALTER TABLE `phones` DISABLE KEYS */;
INSERT INTO `phones` VALUES ('Abbott, Jacobso','313.050.32'),('Anderson-Murray','358.808.95'),('Armstrong-Zieme','757.333.73'),('Bergstrom PLC','1-866-457-'),('Bergstrom, Hegm','277-231-32'),('Bins-Thompson','0575712283'),('Bode and Sons','040.005.82'),('Bogan and Sons','+77(9)9095'),('Bogan, Wehner a','748-761-59'),('Boyle Inc','483-408-55'),('Boyle-Ondricka','1-582-067-'),('Bruen Inc','953.215.21'),('Bruen, Kemmer a','689-327-73'),('Buckridge Inc','(666)362-6'),('Buckridge-Cumme','(130)620-2'),('Buckridge, Buck','020.451.46'),('Carter-Bernier','729.566.56'),('Cassin Group','467.086.28'),('Cassin Ltd','1-241-891-'),('Conn LLC','859-369-68'),('Conn, Hettinger','1-247-467-'),('Considine Inc','1-053-009-'),('Considine-McKen','505.232.78'),('Daniel, Kshleri','(839)100-9'),('Daugherty-Littl','(784)303-0'),('Dickinson, Grad','108-262-98'),('Durgan Inc','533.007.70'),('Fahey-Sawayn','0895211847'),('Frami and Sons','595.560.97'),('Frami-Bode','(758)192-5'),('Friesen-Torphy','759-717-36'),('Funk Group','(937)004-2'),('Gerlach-Balistr','1-679-111-'),('Gleason, Ruther','1-580-658-'),('Grady-Rohan','271-744-62'),('Gusikowski PLC','808-831-18'),('Hackett-Schneid','(525)388-0'),('Hahn, Thiel and','0838955052'),('Halvorson-Jerde','+83(6)7197'),('Hammes, Pollich','782.282.65'),('Hartmann-Waelch','(470)916-9'),('Hauck, Ritchie ','(551)880-8'),('Hegmann and Son','1-738-409-'),('Heidenreich, Zu','835.925.58'),('Hintz-Daugherty','1-978-059-'),('Hudson Ltd','1-369-076-'),('Hyatt Group','(994)121-0'),('Jacobs, Mraz an','255.566.03'),('Jenkins-Aufderh','1-925-505-'),('Johns, Heathcot','(535)802-6'),('Kassulke Inc','573-051-61'),('Kautzer-Stroman','518-440-69'),('Kertzmann, Ruec','0488462874'),('Kulas, Auer and','518-144-71'),('Kunde, Wolff an','(769)868-9'),('Labadie, Okunev','249.911.35'),('Lebsack, McGlyn','619.183.95'),('Ledner Inc','242.836.69'),('Leuschke-Botsfo','(644)723-6'),('Lueilwitz and S','551.497.98'),('Lueilwitz LLC','593.988.92'),('Macejkovic PLC','1-287-392-'),('McDermott, Trem','+36(3)4839'),('Mraz LLC','314-193-64'),('Murray Group','0438318388'),('Nienow, O\'Conne','1-530-700-'),('O\'Keefe PLC','1-669-003-'),('Ondricka Group','1-164-038-'),('Pfeffer Ltd','1-332-600-'),('Powlowski, Feen','842.498.04'),('Prosacco LLC','1-444-080-'),('Prosacco, Barto','878.703.65'),('Purdy PLC','317.834.73'),('Reilly Group','1-908-419-'),('Rice-Anderson','164-529-76'),('Rippin, Skiles ','404-280-97'),('Schamberger Ltd','(824)154-4'),('Schinner, Kuval','(999)803-8'),('Schoen, Emmeric','1-504-339-'),('Schowalter and ','1-006-797-'),('Schowalter-Schr','(514)132-0'),('Shields and Son','(425)581-2'),('Smith, O\'Hara a','223.533.53'),('Spinka PLC','1-377-526-'),('Streich-Shields','230.631.01'),('Strosin Ltd','131.710.09'),('Swaniawski, Ada','586.132.67'),('Thompson, Boehm','642.312.03'),('Tromp-Robel','(285)087-1'),('Turner Inc','(413)409-8'),('Vandervort, Zie','1-775-883-'),('Waelchi Group','0126339910'),('Walsh, Casper a','308.812.35'),('Weissnat, Larso','1-380-612-'),('Welch Group','1-543-667-'),('Wiegand, Rohan ','(007)040-6'),('Wuckert and Son','(210)600-5'),('Wyman, Olson an','(790)245-7'),('Zemlak-Harvey','+49(4)8594'),('Ziemann, Klein ','(550)409-8'),('Abbott, Jacobso','1-275-993-'),('Anderson-Murray','337.766.07'),('Armstrong-Zieme','157-470-61'),('Bergstrom PLC','(156)558-9'),('Bergstrom, Hegm','516.688.26'),('Bins-Thompson','0236727795'),('Bode and Sons','687.271.08'),('Bogan and Sons','757-692-79'),('Bogan, Wehner a','080-335-87'),('Boyle Inc','0384853915'),('Boyle-Ondricka','891-542-97'),('Bruen Inc','528.133.02'),('Bruen, Kemmer a','1-354-324-'),('Buckridge Inc','(807)300-9'),('Buckridge-Cumme','277-180-84'),('Buckridge, Buck','(832)825-2'),('Carter-Bernier','0015804206'),('Cassin Group','0138979462'),('Cassin Ltd','1-777-196-'),('Conn LLC','1-700-136-'),('Conn, Hettinger','+27(3)7197'),('Considine Inc','894.386.01'),('Considine-McKen','0105375825'),('Daniel, Kshleri','645.576.24'),('Daugherty-Littl','222-385-19'),('Dickinson, Grad','247.220.89'),('Durgan Inc','1-172-522-'),('Fahey-Sawayn','466-776-72'),('Frami and Sons','(900)898-9'),('Frami-Bode','503.959.84'),('Friesen-Torphy','+71(4)9668'),('Funk Group','721-206-69'),('Gerlach-Balistr','427.928.28'),('Gleason, Ruther','299-470-34'),('Grady-Rohan','1-527-782-'),('Gusikowski PLC','1-317-280-'),('Hackett-Schneid','0528109405'),('Hahn, Thiel and','021-011-61'),('Halvorson-Jerde','1-486-694-'),('Hammes, Pollich','714.123.02'),('Hartmann-Waelch','686.674.25'),('Hauck, Ritchie ','(599)806-0'),('Hegmann and Son','1-697-543-'),('Heidenreich, Zu','1-443-155-'),('Hintz-Daugherty','839-468-91'),('Hudson Ltd','865-939-37'),('Hyatt Group','031-699-45'),('Jacobs, Mraz an','1-474-632-'),('Jenkins-Aufderh','516.398.66'),('Johns, Heathcot','(217)648-5'),('Kassulke Inc','109-952-00'),('Kautzer-Stroman','(035)358-9'),('Kertzmann, Ruec','371-143-09'),('Kulas, Auer and','677-001-60'),('Kunde, Wolff an','0235618074'),('Labadie, Okunev','330.193.16'),('Lebsack, McGlyn','098-041-96'),('Ledner Inc','(231)331-3'),('Leuschke-Botsfo','330.674.68'),('Lueilwitz and S','063-344-75'),('Lueilwitz LLC','1-746-711-'),('Macejkovic PLC','0834225051'),('McDermott, Trem','729.979.55'),('Mraz LLC','+40(7)2374'),('Murray Group','234.214.42'),('Nienow, O\'Conne','(521)351-0'),('O\'Keefe PLC','707.446.78'),('Ondricka Group','(742)300-3'),('Pfeffer Ltd','913-416-13'),('Powlowski, Feen','1-877-699-'),('Prosacco LLC','1-425-325-'),('Prosacco, Barto','0549575182'),('Purdy PLC','490.456.01'),('Reilly Group','1-817-355-'),('Rice-Anderson','+61(3)8154'),('Rippin, Skiles ','135-142-35'),('Schamberger Ltd','928-382-51'),('Schinner, Kuval','591-420-09'),('Schoen, Emmeric','+73(3)1479'),('Schowalter and ','(481)763-6'),('Schowalter-Schr','1-367-181-'),('Shields and Son','038.917.08'),('Smith, O\'Hara a','571.840.34'),('Spinka PLC','947-776-11'),('Streich-Shields','(521)986-0'),('Strosin Ltd','1-244-795-'),('Swaniawski, Ada','+01(5)4607'),('Thompson, Boehm','935.694.54'),('Tromp-Robel','1-622-880-'),('Turner Inc','(171)282-5'),('Vandervort, Zie','0177160954'),('Waelchi Group','(705)187-7'),('Walsh, Casper a','1-490-662-'),('Weissnat, Larso','1-414-170-'),('Welch Group','832-741-67'),('Wiegand, Rohan ','796-711-49'),('Wuckert and Son','830.641.98'),('Wyman, Olson an','702-960-95'),('Zemlak-Harvey','(671)413-0'),('Ziemann, Klein ','138-063-38'),('Abbott, Jacobso','532-755-46'),('Anderson-Murray','0380241988'),('Armstrong-Zieme','1-667-196-'),('Bergstrom PLC','104-681-75'),('Bergstrom, Hegm','996-282-04'),('Bins-Thompson','508.159.90'),('Bode and Sons','1-034-595-'),('Bogan and Sons','(925)723-2'),('Bogan, Wehner a','855-437-87'),('Boyle Inc','+94(4)9478'),('Boyle-Ondricka','1-342-113-'),('Bruen Inc','272-580-95'),('Bruen, Kemmer a','451-017-82'),('Buckridge Inc','833-438-88'),('Buckridge-Cumme','0625464132'),('Buckridge, Buck','530-026-58'),('Carter-Bernier','0531519601'),('Cassin Group','(104)038-2'),('Cassin Ltd','526.864.29'),('Conn LLC','(289)033-5'),('Conn, Hettinger','272-813-38'),('Considine Inc','111-472-68'),('Considine-McKen','1-144-872-'),('Daniel, Kshleri','605-058-29'),('Daugherty-Littl','644.322.77'),('Dickinson, Grad','0355912268'),('Durgan Inc','0887935153'),('Fahey-Sawayn','108.093.29'),('Frami and Sons','+67(0)2020'),('Frami-Bode','974-383-65'),('Friesen-Torphy','740.203.02'),('Funk Group','0931318299'),('Gerlach-Balistr','0848613891'),('Gleason, Ruther','280-539-88'),('Grady-Rohan','1-167-976-'),('Gusikowski PLC','(913)025-6'),('Hackett-Schneid','631.247.07'),('Hahn, Thiel and','0614009062'),('Halvorson-Jerde','823.085.63'),('Hammes, Pollich','0975559749'),('Hartmann-Waelch','1-324-946-'),('Hauck, Ritchie ','(557)025-4'),('Hegmann and Son','(849)996-2'),('Heidenreich, Zu','+22(6)3983'),('Hintz-Daugherty','421-017-42'),('Hudson Ltd','095.471.69'),('Hyatt Group','548.130.83'),('Jacobs, Mraz an','0231671355'),('Jenkins-Aufderh','696.233.26'),('Johns, Heathcot','(196)523-2');
/*!40000 ALTER TABLE `phones` ENABLE KEYS */;
UNLOCK TABLES;

--
-- Table structure for table `project_to_delivery`
--

DROP TABLE IF EXISTS `project_to_delivery`;
/*!40101 SET @saved_cs_client     = @@character_set_client */;
/*!40101 SET character_set_client = utf8 */;
CREATE TABLE `project_to_delivery` (
  `Date_of_Delivery` date DEFAULT NULL,
  `title` varchar(15) COLLATE utf8mb4_unicode_ci DEFAULT NULL,
  KEY `Project_to_Delivered` (`title`),
  CONSTRAINT `Project_to_Delivered` FOREIGN KEY (`title`) REFERENCES `Project` (`Title`) ON UPDATE CASCADE
) ENGINE=InnoDB DEFAULT CHARSET=utf8mb4 COLLATE=utf8mb4_unicode_ci;
/*!40101 SET character_set_client = @saved_cs_client */;

--
-- Dumping data for table `project_to_delivery`
--

LOCK TABLES `project_to_delivery` WRITE;
/*!40000 ALTER TABLE `project_to_delivery` DISABLE KEYS */;
INSERT INTO `project_to_delivery` VALUES ('2017-03-31','a'),('1986-02-12','ab'),('1973-02-01','accusantium'),('1975-06-26','ad'),('1975-04-27','adipisci'),('2011-09-30','aliquid'),('2021-05-14','amet'),('1979-07-15','animi'),('1971-10-02','aperiam'),('2018-10-07','architecto'),('1992-03-05','asperiores'),('2005-10-12','aspernatur'),('2010-04-29','at'),('1974-06-14','aut'),('1980-07-16','blanditiis'),('1970-09-01','commodi'),('1988-02-24','consequatur'),('1999-11-10','corporis'),('2005-02-28','culpa'),('1971-03-29','cum');
/*!40000 ALTER TABLE `project_to_delivery` ENABLE KEYS */;
UNLOCK TABLES;

--
-- Table structure for table `scientific_field`
--

DROP TABLE IF EXISTS `scientific_field`;
/*!40101 SET @saved_cs_client     = @@character_set_client */;
/*!40101 SET character_set_client = utf8 */;
CREATE TABLE `scientific_field` (
  `name` varchar(15) COLLATE utf8mb4_unicode_ci NOT NULL,
  `title_pr` varchar(15) COLLATE utf8mb4_unicode_ci NOT NULL,
  KEY `Project_has_field` (`title_pr`),
  CONSTRAINT `Project_has_field` FOREIGN KEY (`title_pr`) REFERENCES `Project` (`Title`) ON UPDATE CASCADE
) ENGINE=InnoDB DEFAULT CHARSET=utf8mb4 COLLATE=utf8mb4_unicode_ci;
/*!40101 SET character_set_client = @saved_cs_client */;

--
-- Dumping data for table `scientific_field`
--

LOCK TABLES `scientific_field` WRITE;
/*!40000 ALTER TABLE `scientific_field` DISABLE KEYS */;
INSERT INTO `scientific_field` VALUES ('officia','a'),('ipsum','ab'),('nam','accusantium'),('eos','ad'),('laborum','adipisci'),('voluptas','aliquid'),('quae','amet'),('perspiciatis','animi'),('cumque','aperiam'),('reprehenderit','architecto'),('exercitationem','asperiores'),('velit','aspernatur'),('velit','at'),('voluptatem','aut'),('quae','blanditiis'),('reiciendis','commodi'),('facilis','consequatur'),('repellat','corporis'),('voluptatem','culpa'),('id','cum'),('quia','cumque'),('voluptas','cupiditate'),('sint','delectus'),('adipisci','distinctio'),('consectetur','dolorem'),('voluptate','doloremque'),('sed','doloribus'),('architecto','dolorum'),('odit','ea'),('ut','eius'),('sit','eligendi'),('temporibus','eos'),('error','error'),('et','est'),('dolorem','et'),('quidem','excepturi'),('dolores','exercitationem'),('odit','expedita'),('rem','explicabo'),('inventore','facere'),('explicabo','fuga'),('non','fugiat'),('odio','fugit'),('neque','harum'),('ratione','hic'),('quod','id'),('cupiditate','illum'),('nisi','impedit'),('non','in'),('sequi','inventore'),('voluptatum','iste'),('inventore','iusto'),('explicabo','labore'),('qui','magnam'),('incidunt','maiores'),('quod','maxime'),('molestias','minima'),('accusantium','minus'),('rerum','modi'),('error','molestiae'),('ab','necessitatibus'),('eligendi','nemo'),('similique','nihil'),('exercitationem','nisi'),('et','non'),('voluptas','nulla'),('iste','occaecati'),('harum','odio'),('nam','officia'),('aut','omnis'),('sunt','perferendis'),('ullam','perspiciatis'),('sed','porro'),('accusamus','quae'),('quis','quas'),('animi','quasi'),('soluta','qui'),('ut','quia'),('commodi','quibusdam'),('quod','quis'),('voluptate','recusandae'),('et','rem'),('quaerat','repellat'),('et','repellendus'),('cumque','repudiandae'),('at','rerum'),('tempora','sapiente'),('ea','sequi'),('earum','sit'),('ab','sunt'),('autem','suscipit'),('ducimus','ullam'),('modi','ut'),('doloribus','velit'),('esse','veritatis'),('qui','vitae'),('ducimus','voluptas'),('accusantium','voluptatem'),('cupiditate','voluptatibus'),('id','voluptatum'),('praesentium','a'),('labore','ab'),('voluptates','accusantium'),('ducimus','ad'),('tempora','adipisci'),('beatae','aliquid'),('aliquid','amet'),('voluptas','animi'),('quo','aperiam'),('dignissimos','architecto'),('numquam','asperiores'),('itaque','aspernatur'),('in','at'),('magni','aut'),('similique','blanditiis'),('voluptates','commodi'),('sunt','consequatur'),('repellendus','corporis'),('mollitia','culpa'),('recusandae','cum'),('dignissimos','cumque'),('et','cupiditate'),('reiciendis','delectus'),('ut','distinctio'),('veniam','dolorem'),('quod','doloremque'),('mollitia','doloribus'),('illum','dolorum'),('voluptas','ea'),('iure','eius'),('et','eligendi'),('qui','eos'),('dignissimos','error'),('sit','est'),('velit','et'),('cumque','excepturi'),('inventore','exercitationem'),('aliquid','expedita'),('ex','explicabo'),('ullam','facere'),('quia','fuga'),('natus','fugiat'),('veritatis','fugit'),('necessitatibus','harum'),('necessitatibus','hic'),('ipsum','id'),('quis','illum'),('nulla','impedit'),('alias','in'),('aperiam','inventore'),('velit','iste'),('suscipit','iusto'),('eius','labore'),('et','magnam'),('consequatur','maiores'),('repellat','maxime'),('pariatur','minima'),('ea','minus'),('vel','modi'),('omnis','molestiae'),('assumenda','necessitatibus'),('molestiae','nemo'),('dicta','nihil'),('et','nisi'),('aut','non'),('voluptatem','nulla'),('maxime','occaecati'),('voluptatem','odio'),('ipsa','officia'),('aliquid','omnis'),('ea','perferendis'),('doloremque','perspiciatis'),('perspiciatis','porro'),('laudantium','quae'),('omnis','quas'),('rem','quasi'),('excepturi','qui'),('ad','quia'),('voluptatem','quibusdam'),('sit','quis'),('iste','recusandae'),('et','rem'),('quibusdam','repellat'),('et','repellendus'),('provident','repudiandae'),('veritatis','rerum'),('est','sapiente'),('sed','sequi'),('possimus','sit'),('amet','sunt'),('explicabo','suscipit'),('magnam','ullam'),('quia','ut'),('doloribus','velit'),('eaque','veritatis'),('sunt','vitae'),('quia','voluptas'),('quis','voluptatem'),('qui','voluptatibus'),('non','voluptatum');
/*!40000 ALTER TABLE `scientific_field` ENABLE KEYS */;
UNLOCK TABLES;
/*!40103 SET TIME_ZONE=@OLD_TIME_ZONE */;

/*!40101 SET SQL_MODE=@OLD_SQL_MODE */;
/*!40014 SET FOREIGN_KEY_CHECKS=@OLD_FOREIGN_KEY_CHECKS */;
/*!40014 SET UNIQUE_CHECKS=@OLD_UNIQUE_CHECKS */;
/*!40101 SET CHARACTER_SET_CLIENT=@OLD_CHARACTER_SET_CLIENT */;
/*!40101 SET CHARACTER_SET_RESULTS=@OLD_CHARACTER_SET_RESULTS */;
/*!40101 SET COLLATION_CONNECTION=@OLD_COLLATION_CONNECTION */;
/*!40111 SET SQL_NOTES=@OLD_SQL_NOTES */;

-- Dump completed on 2022-05-31  9:33:40
